[
  {
    "name": "Tomáš Petrásek",
    "position": "hlavní účetní",
    "phone": "777 319 976",
    "email": "finance@ambi.cz"
  },
  {
    "name": "Monika Ülker",
    "position": "junior účetní",
    "phone": "776 319 976",
    "email": "finance.korunni@ambi.cz"
  },
  {
    "name": "Pavla Rýgrová",
    "position": "senior účetní",
    "phone": "603 264 728",
    "email": "finance@ambi.cz"
  },
  {
    "name": "Petra Podanová",
    "position": "junior účetní",
    "phone": "775 864 083",
    "email": "finance@ambi.cz"
  },
  {
    "name": "Dana Ptáčníková",
    "position": "hlavní pokladní",
    "phone": "777 364 183",
    "email": "finance@ambi.cz"
  }
]